Activity ID,Activity Date,Activity Name,Activity Type,Activity Description,Elapsed Time,Distance,Max Heart Rate,Relative Effort,Commute,Activity Gear,Filename,Athlete Weight,Bike Weight,Elapsed Time,Moving Time,Distance,Max Speed,Average Speed,Elevation Gain,Elevation Loss,Elevation Low,Elevation High,Max Grade,Average Grade,Average Positive Grade,Average Negative Grade,Max Cadence,Average Cadence,Max Heart Rate,Average Heart Rate,Max Watts,Average Watts,Calories,Max Temperature,Average Temperature,Relative Effort,Total Work,Number of Runs,Uphill Time,Downhill Time,Other Time,Perceived Exertion,"<span class=""translation_missing"" title=""translation missing: en-US.lib.export.portability_exporter.activities.horton_values.type"">Type</span>","<span class=""translation_missing"" title=""translation missing: en-US.lib.export.portability_exporter.activities.horton_values.start_time"">Start Time</span>",Weighted Average Power,Power Count,Prefer Perceived Exertion,Perceived Relative Effort,Commute,Total Weight Lifted,From Upload,Grade Adjusted Distance,Weather Observation Time,Weather Condition,Weather Temperature,Apparent Temperature,Dewpoint,Humidity,Weather Pressure,Wind Speed,Wind Gust,Wind Bearing,Precipitation Intensity,Sunrise Time,Sunset Time,Moon Phase,Bike,Gear,Precipitation Probability,Precipitation Type,Cloud Cover,Weather Visibility,UV Index,Weather Ozone,"<span class=""translation_missing"" title=""translation missing: en-US.lib.export.portability_exporter.activities.horton_values.jump_count"">Jump Count</span>","<span class=""translation_missing"" title=""translation missing: en-US.lib.export.portability_exporter.activities.horton_values.total_grit"">Total Grit</span>","<span class=""translation_missing"" title=""translation missing: en-US.lib.export.portability_exporter.activities.horton_values.avg_flow"">Avg Flow</span>","<span class=""translation_missing"" title=""translation missing: en-US.lib.export.portability_exporter.activities.horton_values.flagged"">Flagged</span>","<span class=""translation_missing"" title=""translation missing: en-US.lib.export.portability_exporter.activities.horton_values.avg_elapsed_speed"">Avg Elapsed Speed</span>","<span class=""translation_missing"" title=""translation missing: en-US.lib.export.portability_exporter.activities.horton_values.dirt_distance"">Dirt Distance</span>","<span class=""translation_missing"" title=""translation missing: en-US.lib.export.portability_exporter.activities.horton_values.newly_explored_distance"">Newly Explored Distance</span>","<span class=""translation_missing"" title=""translation missing: en-US.lib.export.portability_exporter.activities.horton_values.newly_explored_dirt_distance"">Newly Explored Dirt Distance</span>"
5073833067,"Apr 5, 2021, 12:33:30 PM",Salida 1,Ride,Salida diarua en bici,5120,29.72,,,false,,activities/5073833067.gpx,,,5120.0,5002.0,29719.30078125,8.899999618530273,5.941483497619629,47.193233489990234,88.89323425292969,259.1000061035156,305.29998779296875,8.600000381469727,-0.14031286537647247,,,,,,,,,,,,,,,,,,5.0,,,,,0.0,90.0,0.0,,1.0,,,,,,,,,,,,,,,,,,,,,,,,,,,,,,,
5081040506,"Apr 6, 2021, 6:09:29 PM",Afternoon Ride,Ride,,3949,23.34,,,false,,activities/5081040506.gpx,,,3949.0,3900.0,23345.900390625,11.300000190734863,5.986128330230713,45.53777313232422,47.13777542114258,258.8999938964844,267.29998779296875,8.800000190734863,-0.006853451952338219,,,,,,,,,,,,,,,,,,,,,,,0.0,,0.0,,1.0,,,,,,,,,,,,,,,,,,,,,,,,,,,,,,,
5086901502,"Apr 7, 2021, 6:20:59 PM",Afternoon Ride,Ride,,5727,34.23,,,false,,activities/5086901502.gpx,,,5727.0,5656.0,34233.0,10.899999618530273,6.052510738372803,60.037925720214844,75.43792724609375,259.3999938964844,280.6000061035156,13.600000381469727,-0.044985830783843994,,,,,,,,,,,,,,,,,,,,,,,0.0,,0.0,,1.0,,,,,,,,,,,,,,,,,,,,,,,,,,,,,,,
5096285887,"Apr 9, 2021, 12:41:04 PM",Morning Ride,Ride,,5437,29.41,,,false,,activities/5096285887.gpx,,,5437.0,5292.0,29416.599609375,12.0,5.558692455291748,75.0379867553711,114.73798370361328,259.3999938964844,348.70001220703125,11.5,-0.13495782017707825,,,,,,,,,,,,,,,,,,,,,,,0.0,,0.0,,1.0,,,,,,,,,,,,,,,,,,,,,,,,,,,,,,,
5108820068,"Apr 11, 2021, 12:39:33 PM",Morning Ride,Ride,,5611,29.09,,,false,,activities/5108820068.gpx,,,5611.0,5428.0,29096.599609375,12.699999809265137,5.360464096069336,135.3540802001953,138.0540771484375,259.29998779296875,352.20001220703125,13.5,-0.009279434569180012,,,,,,,,,,,,,,,,,,,,,,,0.0,,0.0,,1.0,,,,,,,,,,,,,,,,,,,,,,,,,,,,,,,
5114339220,"Apr 12, 2021, 1:35:21 PM",Morning Ride,Ride,,7432,41.76,,,false,,activities/5114339220.gpx,,,7432.0,7373.0,41764.80078125,12.199999809265137,5.664559841156006,98.52733612060547,138.52732849121094,259.20001220703125,303.6000061035156,23.200000762939453,-0.09577443450689316,,,,,,,,,,,,,,,,,,,,,,,0.0,,0.0,,1.0,,,,,,,,,,,,,,,,,,,,,,,,,,,,,,,
5125301736,"Apr 14, 2021, 11:34:51 AM",Morning Ride,Ride,,6716,36.51,,,false,,activities/5125301736.gpx,,,6716.0,6592.0,36516.6015625,10.5,5.539532661437988,78.1292953491211,102.6292953491211,258.79998779296875,303.5,8.300000190734863,-0.06709277629852295,,,,,,,,,,,,,,,,,,,,,,,0.0,,0.0,,1.0,,,,,,,,,,,,,,,,,,,,,,,,,,,,,,,
5133086191,"Apr 15, 2021, 5:47:06 PM",Afternoon Ride,Ride,,5273,30.35,,,false,,activities/5133086191.gpx,,,5273.0,5082.0,30357.5,10.5,5.973534107208252,67.08275604248047,87.18275451660156,259.1000061035156,303.70001220703125,31.700000762939453,-0.06621098518371582,,,,,,,,,,,,,,,,,,,,,,,0.0,,0.0,,1.0,,,,,,,,,,,,,,,,,,,,,,,,,,,,,,,
5151837767,"Apr 18, 2021, 8:19:19 PM",Afternoon Ride,Ride,,3587,19.78,,,false,,activities/5151837767.gpx,,,3587.0,3513.0,19787.5,9.699999809265137,5.632650375366211,33.82252502441406,63.32252502441406,259.29998779296875,303.70001220703125,6.699999809265137,-0.14908401668071747,,,,,,,,,,,,,,,,,,,,,,,0.0,,0.0,,1.0,,,,,,,,,,,,,,,,,,,,,,,,,,,,,,,
5172858950,"Apr 22, 2021, 3:05:07 PM",Lunch Ride,Ride,,4141,12.23,,,false,,activities/5172858950.gpx,,,4141.0,2644.0,12234.099609375,11.0,4.627118110656738,98.85844421386719,126.7584457397461,264.1000061035156,348.70001220703125,20.799999237060547,-0.228051096200943,,,,,,,,,,,,,,,,,,,,,,,0.0,,0.0,,1.0,,,,,,,,,,,,,,,,,,,,,,,,,,,,,,,
5178231346,"Apr 23, 2021, 1:56:45 PM",Morning Ride,Ride,,5629,30.26,,,false,,activities/5178231346.gpx,,,5629.0,5540.0,30261.19921875,10.5,5.462310314178467,62.02702331542969,85.62702178955078,259.29998779296875,302.79998779296875,43.0,-0.0779876559972763,,,,,,,,,,,,,,,,,,,,,,,0.0,,0.0,,1.0,,,,,,,,,,,,,,,,,,,,,,,,,,,,,,,
5209701712,"Apr 28, 2021, 7:43:49 PM",Afternoon Ride,Ride,,3766,20.61,,,false,,activities/5209701712.gpx,,,3766.0,3558.0,20615.80078125,10.899999618530273,5.794210433959961,41.69883346557617,69.39883422851562,260.3999938964844,303.8999938964844,10.100000381469727,-0.13436296582221985,,,,,,,,,,,,,,,,,,,,,,,0.0,,0.0,,1.0,,,,,,,,,,,,,,,,,,,,,,,,,,,,,,,
5401319926,"Jun 2, 2021, 2:37:53 PM",Lunch Ride,Ride,,5662,19.14,,,false,,activities/5401319926.gpx,,,5662.0,5101.0,19145.80078125,13.5,3.753342390060425,106.53828430175781,104.73828125,13.699999809265137,43.5,33.70000076293945,0.009401539340615273,,,,,,,,,,,,,,,,,,,,,,,0.0,,0.0,,1.0,,,,,,,,,,,,,,,,,,,,,,,,,,,,,,,
5406683766,"Jun 3, 2021, 12:31:17 PM",Morning Ride,Ride,,7048,26.60,,,false,,activities/5406683766.gpx,,,7048.0,6370.0,26600.30078125,14.399999618530273,4.1758713722229,209.7034454345703,209.30343627929688,12.199999809265137,50.0,49.599998474121094,0.0015037424163892865,,,,,,,,,,,,,,,,,,,,,,,0.0,,0.0,,1.0,,,,,,,,,,,,,,,,,,,,,,,,,,,,,,,
5411993337,"Jun 4, 2021, 12:20:02 PM",Morning Ride,Ride,,5702,22.07,,,false,,activities/5411993337.gpx,,,5702.0,5192.0,22069.19921875,12.199999809265137,4.250616550445557,67.13265228271484,67.63265228271484,16.299999237060547,32.900001525878906,11.600000381469727,-0.0022656009532511234,,,,,,,,,,,,,,,,,,,,,,,0.0,,0.0,,1.0,,,,,,,,,,,,,,,,,,,,,,,,,,,,,,,
5420000889,"Jun 5, 2021, 7:55:47 PM",Afternoon Ride,Ride,,5149,20.92,,,false,,activities/5420000889.gpx,,,5149.0,4575.0,20927.69921875,11.5,4.5743608474731445,94.53563690185547,92.23564147949219,13.100000381469727,34.70000076293945,7.300000190734863,0.010990218259394169,,,,,,,,,,,,,,,,,,,,,,,0.0,,0.0,,1.0,,,,,,,,,,,,,,,,,,,,,,,,,,,,,,,
5432187669,"Jun 7, 2021, 10:28:45 PM",Evening Ride,Ride,,7517,34.31,,,false,,activities/5432187669.gpx,,,7517.0,6868.0,34309.80078125,11.300000190734863,4.995602607727051,71.99356842041016,65.69356536865234,9.199999809265137,31.200000762939453,10.0,0.018362101167440414,,,,,,,,,,,,,,,,,,,,,,,0.0,,0.0,,1.0,,,,,,,,,,,,,,,,,,,,,,,,,,,,,,,
5449196300,"Jun 10, 2021, 10:37:35 PM",Evening Ride,Ride,,4341,18.88,,,false,,activities/5449196300.gpx,,,4341.0,3905.0,18885.19921875,15.899999618530273,4.836158752441406,78.19208526611328,79.89208984375,19.100000381469727,38.099998474121094,10.0,-0.009001757949590683,,,,,,,,,,,,,,,,,,,,,,,0.0,,0.0,,1.0,,,,,,,,,,,,,,,,,,,,,,,,,,,,,,,
5451931401,"Jun 11, 2021, 1:24:22 PM",Morning Ride,Ride,,4073,17.16,,,false,,activities/5451931401.gpx,,,4073.0,3690.0,17162.900390625,12.300000190734863,4.6511921882629395,72.77981567382812,74.1798095703125,4.099999904632568,49.79999923706055,33.599998474121094,-0.008157129399478436,,,,,,,,,,,,,,,,,,,,,,,0.0,,0.0,,1.0,,,,,,,,,,,,,,,,,,,,,,,,,,,,,,,
5458247020,"Jun 12, 2021, 10:48:52 AM",Morning Ride,Ride,,21090,69.23,,,false,,activities/5458247020.gpx,,,21090.0,15884.0,69230.3984375,9.5,4.358499050140381,101.52594757080078,102.52594757080078,3.5,31.799999237060547,11.399999618530273,-0.0014444520929828286,,,,,,,,,,,,,,,,,,,,,,,0.0,,0.0,,1.0,,,,,,,,,,,,,,,,,,,,,,,,,,,,,,,
5463446248,"Jun 13, 2021, 12:53:09 PM",Morning Ride,Ride,,4888,21.31,,,false,,activities/5463446248.gpx,,,4888.0,4503.0,21318.69921875,10.600000381469727,4.73433256149292,79.39298248291016,81.39298248291016,18.700000762939453,36.0,12.5,-0.009381434880197048,,,,,,,,,,,,,,,,,,,,,,,0.0,,0.0,,1.0,,,,,,,,,,,,,,,,,,,,,,,,,,,,,,,
5492144419,"Jun 18, 2021, 8:29:52 PM",Afternoon Ride,Ride,,5152,20.50,,,false,,activities/5492144419.gpx,,,5152.0,4582.0,20508.400390625,9.399999618530273,4.4758620262146,40.63393020629883,40.63393020629883,11.100000381469727,34.20000076293945,6.599999904632568,0.0,,,,,,,,,,,,,,,,,,,,,,,0.0,,0.0,,1.0,,,,,,,,,,,,,,,,,,,,,,,,,,,,,,,
5503427349,"Jun 20, 2021, 8:16:52 PM",Afternoon Ride,Ride,,4540,19.26,,,false,,activities/5503427349.gpx,,,4540.0,3911.0,19262.30078125,10.0,4.925159931182861,63.052730560302734,64.95272827148438,17.600000381469727,36.0,12.5,-0.009863827377557755,,,,,,,,,,,,,,,,,,,,,,,0.0,,0.0,,1.0,,,,,,,,,,,,,,,,,,,,,,,,,,,,,,,
5505510161,"Jun 21, 2021, 10:35:22 AM",Morning Ride,Ride,,6549,29.21,,,false,,activities/5505510161.gpx,,,6549.0,6112.0,29217.0,11.600000381469727,4.78026819229126,130.60536193847656,128.30535888671875,14.100000381469727,37.79999923706055,31.100000381469727,0.00787212885916233,,,,,,,,,,,,,,,,,,,,,,,0.0,,0.0,,1.0,,,,,,,,,,,,,,,,,,,,,,,,,,,,,,,
5513437550,"Jun 22, 2021, 8:09:24 PM",Afternoon Ride,Ride,,6569,26.86,,,false,,activities/5513437550.gpx,,,6569.0,5797.0,26863.400390625,11.5,4.634017467498779,58.45881652832031,60.25881576538086,9.899999618530273,34.099998474121094,44.0,-0.006700566504150629,,,,,,,,,,,,,,,,,,,,,,,0.0,,0.0,,1.0,,,,,,,,,,,,,,,,,,,,,,,,,,,,,,,
5528856230,"Jun 25, 2021, 7:38:44 PM",Afternoon Ride,Ride,,9253,30.73,,,false,,activities/5528856230.gpx,,,9253.0,8038.0,30738.599609375,11.600000381469727,3.82416033744812,100.78935241699219,102.1893539428711,18.700000762939453,36.0,19.399999618530273,-0.004554533865302801,,,,,,,,,,,,,,,,,,,,,,,0.0,,0.0,,1.0,,,,,,,,,,,,,,,,,,,,,,,,,,,,,,,
5532479156,"Jun 26, 2021, 1:30:17 PM",Morning Ride,Ride,,4959,21.52,,,false,,activities/5532479156.gpx,,,4959.0,4675.0,21519.900390625,11.800000190734863,4.603187084197998,89.19263458251953,89.59263610839844,1.7000000476837158,35.099998474121094,29.799999237060547,-0.0018587446538731456,,,,,,,,,,,,,,,,,,,,,,,0.0,,0.0,,1.0,,,,,,,,,,,,,,,,,,,,,,,,,,,,,,,
5538385223,"Jun 27, 2021, 2:00:03 PM",Lunch Ride,Ride,,3449,13.96,,,false,,activities/5538385223.gpx,,,3449.0,3079.0,13968.900390625,14.5,4.536829948425293,44.19698715209961,44.69698715209961,16.600000381469727,32.70000076293945,4.400000095367432,-0.003579379990696907,,,,,,,,,,,,,,,,,,,,,,,0.0,,0.0,,1.0,,,,,,,,,,,,,,,,,,,,,,,,,,,,,,,
5545080047,"Jun 28, 2021, 8:51:26 PM",Afternoon Ride,Ride,,6096,26.03,,,false,,activities/5545080047.gpx,,,6096.0,5765.0,26035.5,12.199999809265137,4.51613187789917,84.76978302001953,86.26978302001953,11.0,48.0,34.20000076293945,-0.005761364474892616,,,,,,,,,,,,,,,,,,,,,,,0.0,,0.0,,1.0,,,,,,,,,,,,,,,,,,,,,,,,,,,,,,,
5549982921,"Jun 29, 2021, 7:06:00 PM",Afternoon Ride,Ride,,6286,25.93,,,false,,activities/5549982921.gpx,,,6286.0,5634.0,25930.900390625,11.399999618530273,4.602573871612549,71.35639190673828,71.75638580322266,8.600000381469727,39.900001525878906,48.0,-0.0015425612218677998,,,,,,,,,,,,,,,,,,,,,,,0.0,,0.0,,1.0,,,,,,,,,,,,,,,,,,,,,,,,,,,,,,,
5576691061,"Jul 4, 2021, 10:41:00 PM",Evening Ride,Ride,,6698,25.96,,,false,,activities/5576691061.gpx,,,6698.0,5781.0,25968.099609375,10.5,4.491973876953125,98.49734497070312,99.19734191894531,15.800000190734863,36.0,11.100000381469727,-0.0026956149376928806,,,,,,,,,,,,,,,,,,,,,,,0.0,,0.0,,1.0,,,,,,,,,,,,,,,,,,,,,,,,,,,,,,,
5581134831,"Jul 5, 2021, 7:54:55 PM",Afternoon Ride,Ride,,4288,15.53,,,false,,activities/5581134831.gpx,,,4288.0,3360.0,15538.099609375,10.800000190734863,4.624434471130371,43.121334075927734,50.92133331298828,16.299999237060547,32.70000076293945,11.399999618530273,-0.05019918829202652,,,,,,,,,,,,,,,,,,,,,,,0.0,,0.0,,1.0,,,,,,,,,,,,,,,,,,,,,,,,,,,,,,,
5581435331,"Jul 5, 2021, 9:48:26 PM",Evening Ride,Ride,,2966,13.93,,,false,,activities/5581435331.gpx,,,2966.0,2773.0,13937.900390625,10.800000190734863,5.026288986206055,35.32614517211914,28.126144409179688,17.200000762939453,31.200000762939453,5.0,0.05165771022439003,,,,,,,,,,,,,,,,,,,,,,,0.0,,0.0,,1.0,,,,,,,,,,,,,,,,,,,,,,,,,,,,,,,
5586020298,"Jul 6, 2021, 6:10:15 PM",Afternoon Ride,Ride,,5137,16.78,,,false,,activities/5586020298.gpx,,,5137.0,4670.0,16782.69921875,11.100000381469727,3.5937259197235107,61.73800277709961,57.93800354003906,16.600000381469727,33.29999923706055,26.600000381469727,0.022642364725470543,,,,,,,,,,,,,,,,,,,,,,,0.0,,0.0,,1.0,,,,,,,,,,,,,,,,,,,,,,,,,,,,,,,
5606774150,"Jul 10, 2021, 5:41:40 PM",Afternoon Ride,Ride,,5533,23.95,,,false,,activities/5606774150.gpx,,,5533.0,5308.0,23954.80078125,11.399999618530273,4.512961387634277,58.015907287597656,58.91590881347656,4.0,34.20000076293945,47.5,-0.003757075872272253,,,,,,,,,,,,,,,,,,,,,,,0.0,,0.0,,1.0,,,,,,,,,,,,,,,,,,,,,,,,,,,,4.329441547393799,,,
5613165928,"Jul 11, 2021, 7:51:21 PM",Afternoon Ride,Ride,,5802,24.36,,,false,,activities/5613165928.gpx,,,5802.0,5479.0,24359.599609375,10.5,4.445993900299072,52.24266815185547,53.84267044067383,8.300000190734863,34.099998474121094,18.5,-0.006568252574652433,,,,,,,,,,,,,,,,,,,,,,,0.0,,0.0,,1.0,,,,,,,,,,,,,,,,,,,,,,,,,,,,4.198483467102051,,,
5627623226,"Jul 14, 2021, 4:22:15 PM",Afternoon Ride,Ride,,7149,25.71,,,false,,activities/5627623226.gpx,,,7149.0,6171.0,25712.5,9.300000190734863,4.166666507720947,67.9379653930664,69.9379653930664,16.899999618530273,32.79999923706055,7.800000190734863,-0.007778318133205175,,,,,,,,,,,,,,,,,,,,,,,0.0,,0.0,,1.0,,,,,,,,,,,,,,,,,,,,,,,,,,,,3.5966567993164062,,,
5782282112,"Aug 12, 2021, 4:48:26 PM",Afternoon Ride,Ride,,6139,25.56,,,false,,activities/5782282112.gpx,,,6139.0,5512.0,25560.900390625,11.600000381469727,4.6373186111450195,63.47488784790039,64.37488555908203,10.199999809265137,34.20000076293945,7.699999809265137,-0.0035210028290748596,,,,,,,,,,,,,,,,,,,,,,,0.0,,0.0,,1.0,,,,,,,,,,,,,,,,,,,,,,,,,,,,4.16369104385376,,,
5787151375,"Aug 13, 2021, 3:31:38 PM",Lunch Ride,Ride,,8320,26.35,,,false,,activities/5787151375.gpx,,,8320.0,6991.0,26353.69921875,11.699999809265137,3.7696609497070312,100.33857727050781,100.23857879638672,13.100000381469727,36.900001525878906,46.79999923706055,0.0003794533549807966,,,,,,,,,,,,,,,,,,,,,,,0.0,,0.0,,1.0,,,,,,,,,,,,,,,,,,,,,,,,,,,,3.1675119400024414,,,
5792607418,"Aug 14, 2021, 3:34:07 PM",Lunch Ride,Ride,,7390,29.26,,,false,,activities/5792607418.gpx,,,7390.0,6467.0,29267.0,10.800000190734863,4.5255913734436035,121.04077911376953,122.54077911376953,9.100000381469727,34.5,23.399999618530273,-0.005125226452946663,,,,,,,,,,,,,,,,,,,,,,,0.0,,0.0,,1.0,,,,,,,,,,,,,,,,,,,,,,,,,,,,3.9603519439697266,,,
5797834044,"Aug 15, 2021, 2:19:24 PM",Lunch Ride,Ride,,6446,32.37,,,false,,activities/5797834044.gpx,,,6446.0,6260.0,32375.80078125,14.300000190734863,5.171853065490723,338.6673889160156,339.4674072265625,-5.699999809265137,37.099998474121094,50.0,-0.002470981329679489,,,,,,,,,,,,,,,,,,,,,,,0.0,,0.0,,1.0,,,,,,,,,,,,,,,,,,,,,,,,,,,,5.022618770599365,,,
5801743760,"Aug 16, 2021, 11:59:23 AM",Morning Ride,Ride,,3759,17.76,,,false,,activities/5801743760.gpx,,,3759.0,3538.0,17760.099609375,11.100000381469727,5.019813537597656,51.73341369628906,53.933414459228516,16.0,32.5,9.899999618530273,-0.012387317605316639,,,,,,,,,,,,,,,,,,,,,,,0.0,,0.0,,1.0,,,,,,,,,,,,,,,,,,,,,,,,,,,,4.724687576293945,,,
5802155794,"Aug 16, 2021, 1:55:33 PM",Morning Ride,Ride,,2777,13.89,,,false,,activities/5802155794.gpx,,,2777.0,2729.0,13889.900390625,9.0,5.089739799499512,33.14677429199219,25.846776962280273,17.5,31.200000762939453,2.4000000953674316,0.052556175738573074,,,,,,,,,,,,,,,,,,,,,,,0.0,,0.0,,1.0,,,,,,,,,,,,,,,,,,,,,,,,,,,,5.001764297485352,,,
5809024716,"Aug 17, 2021, 5:18:08 PM",Afternoon Ride,Ride,,7374,31.89,,,false,,activities/5809024716.gpx,,,7374.0,6785.0,31896.30078125,9.699999809265137,4.70100212097168,63.23038864135742,65.83038330078125,10.199999809265137,32.5,12.100000381469727,-0.00815141573548317,,,,,,,,,,,,,,,,,,,,,,,0.0,,0.0,,1.0,,,,,,,,,,,,,,,,,,,,,,,,,,,,4.3255085945129395,,,
5814084743,"Aug 18, 2021, 4:25:34 PM",Afternoon Ride,Ride,,5541,22.95,,,false,,activities/5814084743.gpx,,,5541.0,5061.0,22951.80078125,10.899999618530273,4.535032749176025,73.10852813720703,74.40853118896484,16.600000381469727,34.0,5.300000190734863,-0.005664043594151735,,,,,,,,,,,,,,,,,,,,,,,0.0,,0.0,,1.0,,,,,,,,,,,,,,,,,,,,,,,,,,,,4.142176628112793,,,
5820637861,"Aug 19, 2021, 9:05:13 PM",Evening Ride,Ride,,4701,24.30,,,false,,activities/5820637861.gpx,,,4701.0,4573.0,24303.900390625,16.0,5.314651012420654,73.55904388427734,75.25904083251953,0.699999988079071,32.5,46.79999923706055,-0.0069947619922459126,,,,,,,,,,,,,,,,,,,,,,,0.0,,0.0,,1.0,,,,,,,,,,,,,,,,,,,,,,,,,,,,5.169942378997803,,,
5835470217,"Aug 22, 2021, 1:40:03 PM",Morning Ride,Ride,,7731,39.29,,,false,,activities/5835470217.gpx,,,7731.0,7416.0,39294.1015625,10.600000381469727,5.298557281494141,102.90813446044922,104.80813598632812,8.600000381469727,33.400001525878906,6.099999904632568,-0.004835331346839666,,,,,,,,,,,,,,,,,,,,,,,0.0,,0.0,,1.0,,,,,,,,,,,,,,,,,,,,,,,,,,,,5.082667350769043,,,
5848205284,"Aug 24, 2021, 11:11:37 PM",Evening Ride,Ride,,4717,25.25,,,false,,activities/5848205284.gpx,,,4717.0,4633.0,25249.69921875,12.199999809265137,5.449967861175537,81.60682678222656,83.30682373046875,9.699999809265137,32.5,7.599999904632568,-0.006732753477990627,,,,,,,,,,,,,,,,,,,,,,,0.0,,0.0,,1.0,,,,,,,,,,,,,,,,,,,,,,,,,,,,5.352914810180664,,,
5857610901,"Aug 26, 2021, 4:38:44 PM",Afternoon Ride,Ride,,4458,14.91,,,false,,activities/5857610901.gpx,,,4458.0,3795.0,14909.7001953125,10.199999809265137,3.92877459526062,47.8109245300293,48.41092300415039,16.600000381469727,34.70000076293945,5.5,-0.004024225752800703,,,,,,,,,,,,,,,,,,,,,,,0.0,,0.0,,1.0,,,,,,,,,,,,,,,,,,,,,,,,,,,,3.344481945037842,,,
5859108929,"Aug 26, 2021, 10:13:47 PM",Evening Ride,Ride,,8403,40.59,,,false,,activities/5859108929.gpx,,,8403.0,8019.0,40598.8984375,12.0,5.062838077545166,102.70596313476562,103.30596160888672,5.800000190734863,32.5,38.900001525878906,-0.001477872603572905,,,,,,,,,,,,,,,,,,,,,,,0.0,,0.0,,1.0,,,,,,,,,,,,,,,,,,,,,,,,,,,,4.83147668838501,,,
5863721033,"Aug 27, 2021, 11:02:00 PM",Evening Ride,Ride,,5227,21.62,,,false,,activities/5863721033.gpx,,,5227.0,4852.0,21619.80078125,9.899999618530273,4.455853462219238,73.57479858398438,75.2748031616211,16.600000381469727,41.900001525878906,9.300000190734863,-0.007863162085413933,,,,,,,,,,,,,,,,,,,,,,,0.0,,0.0,,1.0,,,,,,,,,,,,,,,,,,,,,,,,,,,,4.1361775398254395,,,
5868306262,"Aug 28, 2021, 11:20:01 AM",Morning Ride,Ride,,27226,68.92,,,false,,activities/5868306262.gpx,,,27226.0,18345.0,68922.0,10.800000190734863,3.756990909576416,76.9430160522461,81.4430160522461,5.0,31.600000381469727,17.100000381469727,-0.006529119797050953,,,,,,,,,,,,,,,,,,,,,,,0.0,,0.0,,1.0,,,,,,,,,,,,,,,,,,,,,,,,,,,,2.531477212905884,,,
5895831374,"Sep 2, 2021, 9:21:25 PM",Evening Ride,Ride,,4265,19.93,,,false,,activities/5895831374.gpx,,,4265.0,4014.0,19930.69921875,11.100000381469727,4.965296268463135,69.56432342529297,69.56432342529297,11.0,34.0,6.699999809265137,0.0,,,,,,,,,,,,,,,,,,,,,,,0.0,,0.0,,1.0,,,,,,,,,,,,,,,,,,,,,,,,,,,,4.673083305358887,,,
5900022215,"Sep 3, 2021, 5:36:02 PM",Afternoon Ride,Ride,,4120,16.31,,,false,,activities/5900022215.gpx,,,4120.0,3682.0,16317.900390625,10.899999618530273,4.431803226470947,36.30622863769531,32.70623016357422,10.899999618530273,34.20000076293945,13.899999618530273,0.022061662748456,,,,,,,,,,,,,,,,,,,,,,,0.0,,0.0,,1.0,,,,,,,,,,,,,,,,,,,,,,,,,,,0.0,3.960655450820923,,,
5904522973,"Sep 4, 2021, 12:47:48 PM",Morning Ride,Ride,,7924,34.85,,,false,,activities/5904522973.gpx,,,7924.0,7213.0,34853.80078125,11.300000190734863,4.832080841064453,118.9527359008789,121.052734375,9.699999809265137,36.599998474121094,11.600000381469727,-0.006025168113410473,,,,,,,,,,,,,,,,,,,,,,,0.0,,0.0,,1.0,,,,,,,,,,,,,,,,,,,,,,,,,,,0.0,4.398510932922363,,,
5928501362,"Sep 8, 2021, 5:45:34 PM",Afternoon Ride,Ride,,5898,22.88,,,false,,activities/5928501362.gpx,,,5898.0,5359.0,22885.599609375,10.600000381469727,4.270498275756836,64.940673828125,65.74067687988281,5.099999904632568,34.900001525878906,35.20000076293945,-0.003495647804811597,,,,,,,,,,,,,,,,,,,,,,,0.0,,0.0,,1.0,,,,,,,,,,,,,,,,,,,,,,,,,,,0.0,3.880230665206909,,,
5934391214,"Sep 9, 2021, 8:42:13 PM",Afternoon Ride,Ride,,5752,22.89,,,false,,activities/5934391214.gpx,,,5752.0,5169.0,22893.30078125,11.199999809265137,4.428961277008057,86.2739028930664,87.17390441894531,16.799999237060547,40.0,37.599998474121094,-0.00393128115683794,,,,,,,,,,,,,,,,,,,,,,,0.0,,0.0,,1.0,,,,,,,,,,,,,,,,,,,,,,,,,,,0.0,3.9800591468811035,,,
5942931533,"Sep 11, 2021, 12:45:58 PM",Morning Ride,Ride,,8077,36.27,,,false,,activities/5942931533.gpx,,,8077.0,7644.0,36272.1015625,11.100000381469727,4.745172500610352,128.63023376464844,129.33023071289062,10.0,36.900001525878906,11.699999809265137,-0.0019298578845337033,,,,,,,,,,,,,,,,,,,,,,,0.0,,0.0,,1.0,,,,,,,,,,,,,,,,,,,,,,,,,,,0.0,4.490788459777832,,,
5949159451,"Sep 12, 2021, 1:36:07 PM",Morning Ride,Ride,,5822,26.82,,,false,,activities/5949159451.gpx,,,5822.0,5548.0,26824.0,11.699999809265137,4.834895610809326,96.98430633544922,98.48430633544922,10.699999809265137,36.70000076293945,10.699999809265137,-0.00559200718998909,,,,,,,,,,,,,,,,,,,,,,,0.0,,0.0,,1.0,,,,,,,,,,,,,,,,,,,,,,,,,,,0.0,4.607351303100586,,,
5960016209,"Sep 14, 2021, 4:15:07 PM",Afternoon Ride,Ride,,4471,18.46,,,false,,activities/5960016209.gpx,,,4471.0,3980.0,18467.400390625,10.199999809265137,4.640050411224365,40.522647857666016,41.72264862060547,9.5,32.5,6.5,-0.00649793678894639,,,,,,,,,,,,,,,,,,,,,,,0.0,,0.0,,1.0,,,,,,,,,,,,,,,,,,,,,,,,,,,0.0,4.130485534667969,,,
5974609886,"Sep 17, 2021, 12:28:12 PM",Morning Run,Run,,4238,7.47,,,false,,activities/5974609886.gpx,,,4238.0,3853.0,7469.2001953125,5.699999809265137,1.9385414123535156,31.116958618164062,34.41695785522461,10.699999809265137,44.5,44.79999923706055,-0.04418144002556801,,,,,,,,,,,,,,,,,,,,,,,0.0,,0.0,,1.0,7556.39990234375,,,,,,,,,,,,,,,,,,,,,,,,,,0.0,1.7624350786209106,,,
5981090892,"Sep 18, 2021, 2:37:09 PM",Lunch Ride,Ride,,7906,33.61,,,false,,activities/5981090892.gpx,,,7906.0,7373.0,33609.69921875,14.699999809265137,4.558483600616455,77.03215789794922,77.7321548461914,10.199999809265137,32.5,26.299999237060547,-0.0020827320404350758,,,,,,,,,,,,,,,,,,,,,,,0.0,,0.0,,1.0,,,,,,,,,,,,,,,,,,,,,,,,,,,0.0,4.251163482666016,,,
5993268282,"Sep 20, 2021, 10:41:18 PM",Evening Ride,Ride,,5535,26.30,,,false,,activities/5993268282.gpx,,,5535.0,5399.0,26308.5,12.0,4.872846603393555,65.0823974609375,65.88239288330078,9.5,32.79999923706055,26.799999237060547,-0.0030408422462642193,,,,,,,,,,,,,,,,,,,,,,,0.0,,0.0,,1.0,,,,,,,,,,,,,,,,,,,,,,,,,,,0.0,4.753116607666016,,,
5996527281,"Sep 21, 2021, 3:09:17 PM",Lunch Ride,Ride,,4418,17.39,,,false,,activities/5996527281.gpx,,,4418.0,4037.0,17390.099609375,12.100000381469727,4.307679176330566,59.43748474121094,60.737483978271484,9.600000381469727,38.29999923706055,20.0,-0.007475517690181732,,,,,,,,,,,,,,,,,,,,,,,0.0,,0.0,,1.0,,,,,,,,,,,,,,,,,,,,,,,,,,,0.0,3.936192750930786,,,
5998215619,"Sep 21, 2021, 8:59:02 PM",Afternoon Ride,Ride,,3017,14.46,,,false,,activities/5998215619.gpx,,,3017.0,2919.0,14462.599609375,14.0,4.954641819000244,47.55888748168945,47.55888748168945,16.0,32.5,3.0,0.0,,,,,,,,,,,,,,,,,,,,,,,0.0,,0.0,,1.0,,,,,,,,,,,,,,,,,,,,,,,,,,,0.0,4.793702125549316,,,
6017643696,"Sep 25, 2021, 3:05:22 PM",Lunch Ride,Ride,,3426,15.88,,,false,,activities/6017643696.gpx,,,3426.0,3226.0,15885.599609375,10.0,4.924240589141846,54.35146713256836,54.651466369628906,10.399999618530273,32.5,6.5,-0.0018885027384385467,,,,,,,,,,,,,,,,,,,,,,,0.0,,0.0,,1.0,,,,,,,,,,,,,,,,,,,,,,,,,,,0.0,4.636777400970459,,,
6023842324,"Sep 26, 2021, 2:59:32 PM",Lunch Ride,Ride,,6376,27.05,,,false,,activities/6023842324.gpx,,,6376.0,5723.0,27057.5,14.199999809265137,4.7278523445129395,104.00252532958984,104.70252227783203,17.0,34.400001525878906,14.899999618530273,-0.002587083028629422,,,,,,,,,,,,,,,,,,,,,,,0.0,,0.0,,1.0,,,,,,,,,,,,,,,,,,,,,,,,,,,0.0,4.243648052215576,,,
6052987344,"Oct 2, 2021, 2:31:31 PM",Lunch Ride,Ride,,3271,13.43,,,false,,activities/6052987344.gpx,,,3271.0,3058.0,13433.7001953125,9.399999618530273,4.392969131469727,36.80703353881836,37.30703353881836,10.399999618530273,35.0,6.800000190734863,-0.003721982706338167,,,,,,,,,,,,,,,,,,,,,,,0.0,,0.0,,1.0,,,,,,,,,,,,,,,,,,,,,,,,,,,0.0,4.106909275054932,,,
6062740014,"Oct 4, 2021, 2:27:27 PM",Lunch Ride,Ride,,4798,22.20,,,false,,activities/6062740014.gpx,,,4798.0,4503.0,22204.30078125,11.800000190734863,4.931001663208008,89.4161376953125,92.5161361694336,5.900000095367432,40.400001525878906,40.70000076293945,-0.013961260206997395,,,,,,,,,,,,,,,,,,,,,,,0.0,,0.0,,1.0,,,,,,,,,,,,,,,,,,,,,,,,,,,0.0,4.627824306488037,,,
6073938247,"Oct 6, 2021, 6:08:53 PM",Afternoon Ride,Ride,,4708,20.20,,,false,,activities/6073938247.gpx,,,4708.0,4215.0,20201.099609375,10.300000190734863,4.79266881942749,51.357723236083984,47.857723236083984,10.399999618530273,32.20000076293945,21.899999618530273,0.017325788736343384,,,,,,,,,,,,,,,,,,,,,,,0.0,,0.0,,1.0,,,,,,,,,,,,,,,,,,,,,,,,,,,0.0,4.290802955627441,,,
6079780117,"Oct 7, 2021, 10:51:21 PM",Evening Ride,Ride,,4184,18.60,,,false,,activities/6079780117.gpx,,,4184.0,3805.0,18600.80078125,13.5,4.888514995574951,36.6926155090332,40.092613220214844,11.300000190734863,34.0,7.0,-0.018278783187270164,,,,,,,,,,,,,,,,,,,,,,,0.0,,0.0,,1.0,,,,,,,,,,,,,,,,,,,,,,,,,,,0.0,4.445697784423828,,,
6104546947,"Oct 12, 2021, 9:06:44 PM",Evening Ride,Ride,,5730,26.53,,,false,,activities/6104546947.gpx,,,5730.0,5286.0,26535.5,13.399999618530273,5.01995849609375,33.87885284423828,33.87889862060547,10.199999809265137,34.0,11.600000381469727,0.0,,,,,,,,,,,,,,,,,,,,,,,0.0,,0.0,,1.0,,,,,,,,,,,,,,,,,,,,,,,,,,,2.0,4.630977153778076,209.3000030517578,,
6118545951,"Oct 15, 2021, 10:19:26 PM",Evening Ride,Ride,,6516,28.38,,,false,,activities/6118545951.gpx,,,6516.0,6001.0,28384.80078125,10.800000190734863,4.730011463165283,118.93632507324219,119.73632049560547,11.300000190734863,36.79999923706055,28.899999618530273,-0.0028184098191559315,,,,,,,,,,,,,,,,,,,,,,,0.0,,0.0,,1.0,,,,,,,,,,,,,,,,,,,,,,,,,,,0.0,4.3561692237854,0.0,,
6138398726,"Oct 19, 2021, 9:16:56 PM",Evening Ride,Ride,,5560,24.91,,,false,,activities/6138398726.gpx,,,5560.0,5179.0,24911.419921875,16.667999267578125,4.810082912445068,104.09583282470703,104.69583129882812,-4.199999809265137,48.0,38.66106033325195,-0.0024085338227450848,,,,,,,,,,,,,,,,,,,,,,,0.0,,0.0,,1.0,,,,,,,,,,,,,,,,,,,,,,,,,,,0.0,4.480471134185791,1458.5,,
6142047162,"Oct 20, 2021, 4:51:09 PM",Afternoon Ride,Ride,,3106,15.99,,,false,,activities/6142047162.gpx,,,3106.0,3014.0,15995.5595703125,10.924023628234863,5.307086944580078,29.218528747558594,30.51852798461914,10.100000381469727,32.5,4.716991901397705,-0.008127255365252495,,,,,,,,,,,,,,,,,,,,,,,0.0,,0.0,,1.0,,,,,,,,,,,,,,,,,,,,,,,,,,,0.0,5.149890422821045,17.200000762939453,,
6148257944,"Oct 22, 2021, 12:38:09 AM",Night Walk,Walk,,5997,7.98,,,false,,activities/6148257944.gpx,,,5997.0,5724.0,7984.02978515625,6.654004096984863,1.394834041595459,47.674381256103516,28.574382781982422,9.5,33.400001525878906,43.221256256103516,0.2392275631427765,,,,,,,,,,,,,,,,,,,,,,,0.0,,0.0,,1.0,,,,,,,,,,,,,,,,,,,,,,,,,,,0.0,1.331337332725525,98.0,,
6164645947,"Oct 25, 2021, 2:00:52 PM",Lunch Ride,Ride,,2772,12.62,,,false,,activities/6164645947.gpx,,,2772.0,2511.0,12627.3095703125,12.138346672058105,5.028797149658203,45.72812271118164,47.12812042236328,7.400000095367432,32.5,6.543130874633789,-0.011087080463767052,,,,,,,,,,,,,,,,,,,,,,,0.0,,0.0,,1.0,,,,,,,,,,,,,,,,,,,,,,,,,,,0.0,4.555306434631348,586.2999877929688,,
6166997898,"Oct 25, 2021, 11:32:54 PM",Evening Ride,Ride,,6689,35.71,,,false,,activities/6166997898.gpx,,,6689.0,6316.0,35714.08984375,18.40169334411621,5.654542446136475,87.07440185546875,87.07440185546875,3.799999952316284,32.5,21.041248321533203,0.0,,,,,,,,,,,,,,,,,,,,,,,0.0,,0.0,,1.0,,,,,,,,,,,,,,,,,,,,,,,,,,,0.0,5.339227199554443,2020.5999755859375,,
6171713410,"Oct 26, 2021, 11:04:46 PM",Evening Ride,Ride,,4336,22.76,,,false,,activities/6171713410.gpx,,,4336.0,4109.0,22767.220703125,13.769922256469727,5.540817737579346,105.18531036376953,113.48530578613281,19.399999618530273,39.400001525878906,17.486339569091797,-0.036455921828746796,,,,,,,,,,,,,,,,,,,,,,,0.0,,0.0,,1.0,,,,,,,,,,,,,,,,,,,,,,,,,,,0.0,5.2507429122924805,67.5999984741211,,
6183996761,"Oct 29, 2021, 4:46:25 PM",Afternoon Ride,Ride,,4245,18.86,,,false,,activities/6183996761.gpx,,,4245.0,3887.0,18863.400390625,11.83203125,4.852945804595947,78.05597686767578,78.05597686767578,19.399999618530273,36.70000076293945,11.722265243530273,0.0,,,,,,,,,,,,,,,,,,,,,,,0.0,,0.0,,1.0,,,,,,,,,,,,,,,,,,,,,,,,,,,0.0,4.4436750411987305,0.0,,
6189238269,"Oct 30, 2021, 8:28:03 PM",Afternoon Ride,Ride,,4204,13.97,,,false,,activities/6189238269.gpx,,,4204.0,3779.0,13973.509765625,10.95166015625,3.697674036026001,49.87555694580078,58.975555419921875,19.899999618530273,33.900001525878906,20.245155334472656,-0.06512322276830673,,,,,,,,,,,,,,,,,,,,,,,0.0,,0.0,,1.0,,,,,,,,,,,,,,,,,,,,,,,,,,,0.0,3.3238606452941895,0.0,,
6189649099,"Oct 30, 2021, 11:54:10 PM",Evening Ride,Ride,,2177,10.99,,,false,,activities/6189649099.gpx,,,2177.0,2070.0,10991.2099609375,10.548047065734863,5.309763431549072,29.255178451538086,19.65517807006836,16.799999237060547,31.200000762939453,4.661962032318115,0.0873425230383873,,,,,,,,,,,,,,,,,,,,,,,0.0,,0.0,,1.0,,,,,,,,,,,,,,,,,,,,,,,,,,,0.0,5.0487871170043945,0.0,,
6194767911,"Oct 31, 2021, 10:15:26 PM",Evening Ride,Ride,,5355,27.87,,,false,,activities/6194767911.gpx,,,5355.0,5194.0,27871.580078125,13.136011123657227,5.366110801696777,48.68852996826172,48.988529205322266,6.0,32.5,23.61720085144043,-0.0010763652389869094,,,,,,,,,,,,,,,,,,,,,,,0.0,,0.0,,1.0,,,,,,,,,,,,,,,,,,,,,,,,,,,0.0,5.204776763916016,1684.4000244140625,,
6203786550,"Nov 2, 2021, 8:51:04 PM",Afternoon Ride,Ride,,4272,18.48,,,false,,activities/6203786550.gpx,,,4272.0,3865.0,18485.369140625,13.187891006469727,4.7827606201171875,49.39291000366211,51.59291076660156,11.199999809265137,35.70000076293945,8.21566104888916,-0.011901304125785828,,,,,,,,,,,,,,,,,,,,,,,0.0,,0.0,,1.0,,,,,,,,,,,,,,,,,,,,,,,,,,,0.0,4.327099323272705,226.39999389648438,,
6370328301,"Dec 11, 2021, 12:36:22 PM",Morning Ride,Ride,,4020,20.77,,,false,,activities/6370328301.gpx,,,4020.0,3872.0,20776.69921875,11.325976371765137,5.365882873535156,62.058433532714844,60.85843276977539,10.0,34.0,17.84512710571289,0.00577570078894496,,,,,,,,,,,,,,,,,,,,,,,0.0,,0.0,,1.0,,,,,,,,,,,,,,,,,,,,,,,,,,,0.0,5.168333053588867,4.099999904632568,,
6372596682,"Dec 11, 2021, 11:51:28 PM",Evening Ride,Ride,,5624,26.53,,,false,,activities/6372596682.gpx,,,5624.0,5402.0,26536.30078125,10.9921875,4.912310600280762,57.71894836425781,58.31895065307617,9.5,32.5,15.238877296447754,-0.0022610537707805634,,,,,,,,,,,,,,,,,,,,,,,0.0,,0.0,,1.0,,,,,,,,,,,,,,,,,,,,,,,,,,,0.0,4.718403339385986,175.1999969482422,,
6443791680,"Dec 29, 2021, 5:39:15 PM",Afternoon Ride,Ride,,7002,32.35,,,false,,activities/6443791680.gpx,,,7002.0,6576.0,32352.109375,12.095995903015137,4.919724464416504,61.81599044799805,61.71599197387695,9.5,32.5,8.489030838012695,0.0003090988611802459,,,,,,,,,,,,,,,,,,,,,,,0.0,,0.0,,1.0,,,,,,,,,,,,,,,,,,,,,,,,,,,0.0,4.620409965515137,139.60000610351562,,
6448539537,"Dec 30, 2021, 7:55:27 PM",Afternoon Ride,Ride,,4609,23.60,,,false,,activities/6448539537.gpx,,,4609.0,4482.0,23599.48046875,13.024666786193848,5.265390396118164,70.53701782226562,68.43701934814453,9.699999809265137,33.29999923706055,11.318669319152832,0.00889850128442049,,,,,,,,,,,,,,,,,,,,,,,0.0,,0.0,,1.0,,,,,,,,,,,,,,,,,,,,,,,,,,,0.0,5.120303630828857,226.8000030517578,,
6535412730,"Jan 16, 2022, 7:45:31 PM",Afternoon Ride,Ride,,5618,29.01,,,false,,activities/6535412730.gpx,,,5618.0,5472.0,29009.640625,11.552001953125,5.301469326019287,75.99723815917969,81.29723358154297,5.599999904632568,32.5,22.835372924804688,-0.018269788473844528,,,,,,,,,,,,,,,,,,,,,,,0.0,,0.0,,1.0,,,,,,,,,,,,,,,,,,,,,,,,,,,0.0,5.163695335388184,235.1999969482422,,
6539826994,"Jan 17, 2022, 7:16:02 PM",Afternoon Ride,Ride,,4461,21.57,,,false,,activities/6539826994.gpx,,,4461.0,4170.0,21574.880859375,12.61834716796875,5.173832416534424,76.56678009033203,77.86677551269531,15.600000381469727,32.5,5.586470127105713,-0.006025525741279125,,,,,,,,,,,,,,,,,,,,,,,0.0,,0.0,,1.0,,,,,,,,,,,,,,,,,,,,,,,,,,,0.0,4.83633279800415,0.0,,
6545701574,"Jan 18, 2022, 9:51:04 PM",Evening Ride,Ride,,2753,11.71,,,false,,activities/6545701574.gpx,,,2753.0,2554.0,11711.16015625,10.83599853515625,4.585419178009033,49.951786041259766,48.65178298950195,17.0,34.70000076293945,4.53175687789917,0.011100523173809052,,,,,,,,,,,,,,,,,,,,,,,0.0,,0.0,,1.0,,,,,,,,,,,,,,,,,,,,,,,,,,,0.0,4.253962993621826,0.0,,
6555016168,"Jan 20, 2022, 5:11:43 PM",Afternoon Ride,Ride,,7712,36.86,,,false,,activities/6555016168.gpx,,,7712.0,6913.0,36868.3203125,13.521875381469727,5.333186626434326,79.39785766601562,74.09786224365234,9.699999809265137,32.5,6.053961277008057,0.014375485479831696,,,,,,,,,,,,,,,,,,,,,,,0.0,,0.0,,1.0,,,,,,,,,,,,,,,,,,,,,,,,,,,0.0,4.780642986297607,0.0,,
6560460339,"Jan 21, 2022, 9:54:52 PM",Evening Ride,Ride,,5070,27.08,,,false,,activities/6560460339.gpx,,,5070.0,4924.0,27081.529296875,16.532032012939453,5.499904632568359,59.6931266784668,59.293128967285156,10.800000190734863,35.70000076293945,27.324390411376953,0.0014770214911550283,,,,,,,,,,,,,,,,,,,,,,,0.0,,0.0,,1.0,,,,,,,,,,,,,,,,,,,,,,,,,,,0.0,5.341524600982666,1486.800048828125,,
6565392617,"Jan 22, 2022, 6:35:53 PM",Afternoon Ride,Ride,,6467,28.77,,,false,,activities/6565392617.gpx,,,6467.0,5929.0,28771.6796875,15.920000076293945,4.85270357131958,74.5022201538086,73.10221862792969,12.199999809265137,35.79999923706055,11.854791641235352,0.0048658959567546844,,,,,,,,,,,,,,,,,,,,,,,0.0,,0.0,,1.0,,,,,,,,,,,,,,,,,,,,,,,,,,,0.0,4.448999404907227,0.0,,
6570598876,"Jan 23, 2022, 3:41:15 PM",Lunch Ride,Ride,,5970,26.56,,,false,,activities/6570598876.gpx,,,5970.0,5439.0,26559.009765625,11.779998779296875,4.883068561553955,92.57292175292969,93.3729248046875,16.899999618530273,36.79999923706055,9.43919563293457,-0.00301216053776443,,,,,,,,,,,,,,,,,,,,,,,0.0,,0.0,,1.0,,,,,,,,,,,,,,,,,,,,,,,,,,,0.0,4.448745250701904,0.0,,
6581502710,"Jan 25, 2022, 7:21:55 PM",Afternoon Ride,Ride,,6926,36.26,,,false,,activities/6581502710.gpx,,,6926.0,6455.0,36261.69921875,9.948046684265137,5.617614269256592,61.88884353637695,63.98884582519531,10.199999809265137,32.5,6.760277271270752,-0.005791234318166971,,,,,,,,,,,,,,,,,,,,,,,0.0,,0.0,,1.0,,,,,,,,,,,,,,,,,,,,,,,,,,,0.0,5.23559045791626,2252.199951171875,,
6585900369,"Jan 26, 2022, 5:13:14 PM",Afternoon Ride,Ride,,4613,21.72,,,false,,activities/6585900369.gpx,,,4613.0,4312.0,21721.76953125,16.69878387451172,5.037516117095947,52.34599304199219,48.645992279052734,9.5,35.70000076293945,17.65701675415039,0.01703360304236412,,,,,,,,,,,,,,,,,,,,,,,0.0,,0.0,,1.0,,,,,,,,,,,,,,,,,,,,,,,,,,,0.0,4.708816051483154,395.20001220703125,,
