Promotion Seen,Timestamp
Feed Follow Option Coachmark,1618144766
"<span class=""translation_missing"" title=""translation missing: en-US.lib.export.portability_exporter.metering.label.NAVIGATION_TAB_HOME"">Navigation Tab Home</span>",1622644660
"<span class=""translation_missing"" title=""translation missing: en-US.lib.export.portability_exporter.metering.label.NAVIGATION_TAB_MAPS"">Navigation Tab Maps</span>",1622651537
"<span class=""translation_missing"" title=""translation missing: en-US.lib.export.portability_exporter.metering.label.NAVIGATION_TAB_GROUPS"">Navigation Tab Groups</span>",1622651542
"<span class=""translation_missing"" title=""translation missing: en-US.lib.export.portability_exporter.metering.label.NAVIGATION_TAB_YOU"">Navigation Tab You</span>",1622650342
"<span class=""translation_missing"" title=""translation missing: en-US.lib.export.portability_exporter.metering.label.NAVIGATION_TAB_YOU_PROGRESS"">Navigation Tab You Progress</span>",1622650342
"<span class=""translation_missing"" title=""translation missing: en-US.lib.export.portability_exporter.metering.label.NAVIGATION_TAB_YOU_ACTIVITIES"">Navigation Tab You Activities</span>",1622650342
"<span class=""translation_missing"" title=""translation missing: en-US.lib.export.portability_exporter.metering.label.NAVIGATION_TAB_YOU_PROFILE"">Navigation Tab You Profile</span>",1623157551
"<span class=""translation_missing"" title=""translation missing: en-US.lib.export.portability_exporter.metering.label.NAVIGATION_TAB_MAPS_SEGMENTS"">Navigation Tab Maps Segments</span>",1622651536
"<span class=""translation_missing"" title=""translation missing: en-US.lib.export.portability_exporter.metering.label.NAVIGATION_TAB_MAPS_ROUTES"">Navigation Tab Maps Routes</span>",1622928562
"<span class=""translation_missing"" title=""translation missing: en-US.lib.export.portability_exporter.metering.label.NAVIGATION_TAB_MAPS_SAVED"">Navigation Tab Maps Saved</span>",1622928573
"<span class=""translation_missing"" title=""translation missing: en-US.lib.export.portability_exporter.metering.label.NAVIGATION_TAB_GROUPS_CHALLENGES"">Navigation Tab Groups Challenges</span>",1622651546
"<span class=""translation_missing"" title=""translation missing: en-US.lib.export.portability_exporter.metering.label.NAVIGATION_TAB_GROUPS_CLUBS"">Navigation Tab Groups Clubs</span>",1622651549
"<span class=""translation_missing"" title=""translation missing: en-US.lib.export.portability_exporter.metering.label.NAVIGATION_HOME_EDUCATION_COACHMARK_IMPRESSION"">Navigation Home Education Coachmark Impression</span>",1622644660
"<span class=""translation_missing"" title=""translation missing: en-US.lib.export.portability_exporter.metering.label.NAVIGATION_HOME_EDUCATION_COACHMARK_IMPRESSION"">Navigation Home Education Coachmark Impression</span>",1622650342
"<span class=""translation_missing"" title=""translation missing: en-US.lib.export.portability_exporter.metering.label.NAVIGATION_YOU_PROGRESS_EDUCATION_COACHMARK_IMPRESSION"">Navigation You Progress Education Coachmark Impression</span>",1623157532
"<span class=""translation_missing"" title=""translation missing: en-US.lib.export.portability_exporter.metering.label.NAVIGATION_YOU_PROGRESS_EDUCATION_COACHMARK_IMPRESSION"">Navigation You Progress Education Coachmark Impression</span>",1623422729
"<span class=""translation_missing"" title=""translation missing: en-US.lib.export.portability_exporter.metering.label.NAVIGATION_YOU_PROGRESS_EDUCATION_COACHMARK_IMPRESSION"">Navigation You Progress Education Coachmark Impression</span>",1624668231
"<span class=""translation_missing"" title=""translation missing: en-US.lib.export.portability_exporter.metering.label.NAVIGATION_YOU_PROGRESS_EDUCATION_COACHMARK_IMPRESSION"">Navigation You Progress Education Coachmark Impression</span>",1624823768
"<span class=""translation_missing"" title=""translation missing: en-US.lib.export.portability_exporter.metering.label.NAVIGATION_YOU_PROGRESS_EDUCATION_COACHMARK_IMPRESSION"">Navigation You Progress Education Coachmark Impression</span>",1625612212
"<span class=""translation_missing"" title=""translation missing: en-US.lib.export.portability_exporter.metering.label.NAVIGATION_YOU_PROGRESS_EDUCATION_COACHMARK_IMPRESSION"">Navigation You Progress Education Coachmark Impression</span>",1626026772
"<span class=""translation_missing"" title=""translation missing: en-US.lib.export.portability_exporter.metering.label.NAVIGATION_TAB_EDUCATION_MODAL_MAPS_J2"">Navigation Tab Education Modal Maps J2</span>",1622928552
"<span class=""translation_missing"" title=""translation missing: en-US.lib.export.portability_exporter.metering.label.NAVIGATION_TAB_EDUCATION_MODAL_GROUPS_J2"">Navigation Tab Education Modal Groups J2</span>",1622928546
"<span class=""translation_missing"" title=""translation missing: en-US.lib.export.portability_exporter.metering.label.ACTIVITY_DETAILS_LEADERBOARD_QUALITY_COACHMARK"">Activity Details Leaderboard Quality Coachmark</span>",1627435496
"<span class=""translation_missing"" title=""translation missing: en-US.lib.export.portability_exporter.metering.label.ACTIVITY_DETAILS_LEADERBOARD_QUALITY_COACHMARK"">Activity Details Leaderboard Quality Coachmark</span>",1627435520
"<span class=""translation_missing"" title=""translation missing: en-US.lib.export.portability_exporter.metering.label.RECORD_SCREEN_BEACON_COACHMARK"">Record Screen Beacon Coachmark</span>",1630617680
"<span class=""translation_missing"" title=""translation missing: en-US.lib.export.portability_exporter.metering.label.MAP_SETTINGS_PERSONAL_HEATMAP_COACHMARK"">Map Settings Personal Heatmap Coachmark</span>",1634343152
"<span class=""translation_missing"" title=""translation missing: en-US.lib.export.portability_exporter.metering.label.MAP_VISIBILITY_ACTIVITY_COACHMARK_IMPRESSION"">Map Visibility Activity Coachmark Impression</span>",1635723891
"<span class=""translation_missing"" title=""translation missing: en-US.lib.export.portability_exporter.metering.label.MAP_VISIBILITY_ACTIVITY_COACHMARK_IMPRESSION"">Map Visibility Activity Coachmark Impression</span>",1635723905
"<span class=""translation_missing"" title=""translation missing: en-US.lib.export.portability_exporter.metering.label.MAP_VISIBILITY_ACTIVITY_COACHMARK_IMPRESSION"">Map Visibility Activity Coachmark Impression</span>",1635723947
"<span class=""translation_missing"" title=""translation missing: en-US.lib.export.portability_exporter.metering.label.MAP_VISIBILITY_ACTIVITY_COACHMARK_IMPRESSION"">Map Visibility Activity Coachmark Impression</span>",1635893345
"<span class=""translation_missing"" title=""translation missing: en-US.lib.export.portability_exporter.metering.label.MAP_VISIBILITY_ACTIVITY_COACHMARK_IMPRESSION"">Map Visibility Activity Coachmark Impression</span>",1635893366
"<span class=""translation_missing"" title=""translation missing: en-US.lib.export.portability_exporter.metering.label.MAP_VISIBILITY_ACTIVITY_COACHMARK_IMPRESSION"">Map Visibility Activity Coachmark Impression</span>",1635893394
"<span class=""translation_missing"" title=""translation missing: en-US.lib.export.portability_exporter.metering.label.ROUTE_FROM_ACTIVITY_MORE_OPTIONS_BUTTON_COACHMARK"">Route From Activity More Options Button Coachmark</span>",1639230219
"<span class=""translation_missing"" title=""translation missing: en-US.lib.export.portability_exporter.metering.label.ROUTE_FROM_ACTIVITY_SAVE_BUTTON_COACHMARK"">Route From Activity Save Button Coachmark</span>",1640807486
